# R1 candidate-review counterexamples (generated by make_r1_findings.py). Columns as coordinator-labels.tsv; origin = R1-HIGH / R1-MEDIUM (+A3 = relabelled by CONTRACT §12.A A3).
2 half-pound strip steaks	ready	strip steaks	2	each	-	-	-	R1-HIGH	A
3 tablespoons lemon juice (about 1 lemon)	needs_review	lemon juice	3	tbsp	-	-	-	R1-HIGH	A
1 cup grated carrot (2 medium carrots)	ready	grated carrot|carrot	1	cup	-	-	-	R1-HIGH+A3	A
1 large onion (about 2 cups chopped)	ready	onion	1	each	-	-	-	R1-HIGH+A3	A
1 gill single cream	needs_review	*	*	*	*	*	-	R1-HIGH	A
2 drams vanilla essence	needs_review	*	*	*	*	*	-	R1-HIGH	A
1 tumbler orange juice	needs_review	*	*	*	*	*	-	R1-HIGH	A
2 ladles chicken stock	needs_review	*	*	*	*	*	-	R1-HIGH	A
1 teacup caster sugar	needs_review	*	*	*	*	*	-	R1-HIGH	A
1 dessert spoon cocoa powder	needs_review	*	*	*	*	*	-	R1-HIGH	A
1 thumb fresh ginger	needs_review	*	*	*	*	*	-	R1-HIGH	A
2 tbsp fresh oregano or dried	needs_review	-	2	tbsp	-	fresh oregano;dried oregano	-	R1-HIGH	B
2 cups chopped celery and carrots	needs_review	*	*	*	*	*	-	R1-HIGH	B
1 cup onion and bell pepper, diced	needs_review	*	*	*	*	*	-	R1-HIGH	B
1/4 cup chopped parsley and mint	needs_review	*	*	*	*	*	-	R1-HIGH	B
2 cups strawberries and blueberries	needs_review	*	*	*	*	*	-	R1-HIGH	B
2 strip steaks	ready	strip steaks	2	each	-	-	-	R1-HIGH	C
4 cube steaks	ready	cube steaks	4	each	-	-	-	R1-HIGH	C
2 sheet cakes	ready	sheet cakes	2	each	-	-	-	R1-HIGH	C
Serving size 2 cookies (40 g)	unsupported	-	-	-	-	-	-	R1-HIGH	D
Calories: 412kcal | Carbohydrates: 52g | Protein: 18g	unsupported	-	-	-	-	-	-	R1-HIGH	D
Sat. fat: 3 g	unsupported	-	-	-	-	-	-	R1-HIGH	D
★★★★★ (212)	unsupported	-	-	-	-	-	-	R1-HIGH	D
1 rolling pin	unsupported	-	-	-	-	-	-	R1-HIGH	D
1 (9-inch) pie plate	unsupported	-	-	-	-	-	-	R1-HIGH	D
1 large Dutch oven	unsupported	-	-	-	-	-	-	R1-HIGH	D
1 12-cup Bundt pan	unsupported	-	-	-	-	-	-	R1-HIGH	D
1 4-quart slow cooker	unsupported	-	-	-	-	-	-	R1-HIGH	D
1 2-quart baking dish	unsupported	-	-	-	-	-	-	R1-HIGH	D
6 popsicle sticks	unsupported	-	-	-	-	-	-	R1-HIGH	D
1 roll kitchen twine	unsupported	-	-	-	-	-	-	R1-HIGH	D
1 box toothpicks	unsupported	-	-	-	-	-	-	R1-HIGH	D
12 paper baking cups	unsupported	-	-	-	-	-	-	R1-HIGH	D
24 mini cupcake liners	unsupported	-	-	-	-	-	-	R1-HIGH	D
2 sheets aluminum foil	unsupported	-	-	-	-	-	-	R1-HIGH	D
1 gallon-size zip-top bag	unsupported	-	-	-	-	-	-	R1-HIGH	D
1 kitchen scale	unsupported	-	-	-	-	-	-	R1-HIGH	D
1 pastry brush	unsupported	-	-	-	-	-	-	R1-HIGH	D
1 instant-read thermometer	unsupported	-	-	-	-	-	-	R1-HIGH	D
1 pizza stone	unsupported	-	-	-	-	-	-	R1-HIGH	D
1 piping bag fitted with a star tip	unsupported	-	-	-	-	-	-	R1-HIGH	D
1 spice grinder	unsupported	-	-	-	-	-	-	R1-HIGH	D
2 mason jars	unsupported	-	-	-	-	-	-	R1-HIGH	D
1 cocktail shaker	unsupported	-	-	-	-	-	-	R1-HIGH	D
1 cast iron skillet	unsupported	-	-	-	-	-	-	R1-HIGH	D
1 wok	unsupported	-	-	-	-	-	-	R1-HIGH	D
1 candy thermometer	unsupported	-	-	-	-	-	-	R1-HIGH	D
6 lollipop sticks	unsupported	-	-	-	-	-	-	R1-HIGH	D
1 egg slicer	unsupported	-	-	-	-	-	-	R1-HIGH	D
1 package wooden skewers	unsupported	-	-	-	-	-	-	R1-HIGH	D
1 baking stone	unsupported	-	-	-	-	-	-	R1-HIGH	-
1 stockpot	unsupported	-	-	-	-	-	-	R1-HIGH	-
1 large saucepan	unsupported	-	-	-	-	-	-	R1-HIGH	-
1 ice cream maker	unsupported	-	-	-	-	-	-	R1-HIGH	-
1 waffle iron	unsupported	-	-	-	-	-	-	R1-HIGH	-
1 immersion blender	unsupported	-	-	-	-	-	-	R1-HIGH	-
1 box grater	unsupported	-	-	-	-	-	-	R1-HIGH	-
1 grill pan	unsupported	-	-	-	-	-	-	R1-HIGH	-
1 meat mallet	unsupported	-	-	-	-	-	-	R1-HIGH	-
1 mortar and pestle	unsupported	-	-	-	-	-	-	R1-HIGH	-
1 microplane	unsupported	-	-	-	-	-	-	R1-HIGH	-
1 salad spinner	unsupported	-	-	-	-	-	-	R1-HIGH	-
1 bench scraper	unsupported	-	-	-	-	-	-	R1-HIGH	-
1 kitchen torch	unsupported	-	-	-	-	-	-	R1-HIGH	-
6 canning jars with lids	unsupported	-	-	-	-	-	-	R1-HIGH	-
1 heavy-bottomed pot	unsupported	-	-	-	-	-	-	R1-HIGH	-
1 sheet of wax paper	unsupported	-	-	-	-	-	-	R1-HIGH	-
1 roll plastic wrap	unsupported	-	-	-	-	-	-	R1-HIGH	-
2 pieces kitchen string	unsupported	-	-	-	-	-	-	R1-HIGH	-
12 cupcake wrappers	unsupported	-	-	-	-	-	-	R1-HIGH	-
1 package paper towels	unsupported	-	-	-	-	-	-	R1-HIGH	-
1 bag ice pop molds	unsupported	-	-	-	-	-	-	R1-HIGH	-
1 tart ring	unsupported	-	-	-	-	-	-	R1-HIGH	-
1 baking steel	unsupported	-	-	-	-	-	-	R1-HIGH	-
1 rubber spatula	unsupported	-	-	-	-	-	-	R1-HIGH	-
1 offset spatula	unsupported	-	-	-	-	-	-	R1-HIGH	-
1 vegetable peeler	unsupported	-	-	-	-	-	-	R1-HIGH	-
1 garlic press	unsupported	-	-	-	-	-	-	R1-HIGH	-
1 citrus juicer	unsupported	-	-	-	-	-	-	R1-HIGH	-
1 deep-fry thermometer	unsupported	-	-	-	-	-	-	R1-HIGH	-
1 trussing needle	unsupported	-	-	-	-	-	-	R1-HIGH	-
2 oven mitts	unsupported	-	-	-	-	-	-	R1-HIGH	-
1 kitchen timer	unsupported	-	-	-	-	-	-	R1-HIGH	-
1 sushi mat	unsupported	-	-	-	-	-	-	R1-HIGH	-
1 potato masher	unsupported	-	-	-	-	-	-	R1-HIGH	-
4 rib eye steaks	ready	rib eye steaks	4	each	-	-	-	R1-HIGH	-
4 strip loin steaks	ready	strip loin steaks	4	each	-	-	-	R1-HIGH	-
2 wedge salads	ready	wedge salads	2	each	-	-	-	R1-HIGH	-
1 coffee cup plain flour	needs_review	*	*	*	*	*	-	R1-HIGH	-
1 wine glass red wine	needs_review	*	*	*	*	*	-	R1-HIGH	-
2 soup spoons sugar	needs_review	*	*	*	*	*	-	R1-HIGH	-
1 bowl cooked rice	needs_review	*	*	*	*	*	-	R1-HIGH	-
2 fistfuls spinach	needs_review	*	*	*	*	*	-	R1-HIGH	-
1 pottle cream	needs_review	*	*	*	*	*	-	R1-HIGH	-
1 hunk Parmesan	needs_review	*	*	*	*	*	-	R1-HIGH	-
1 chunk fresh ginger	needs_review	*	*	*	*	*	-	R1-HIGH	-
1 slab tofu	needs_review	*	*	*	*	*	-	R1-HIGH	-
1 tub-full yogurt	needs_review	*	*	*	*	*	-	R1-HIGH	-
1 can-ful water	needs_review	*	*	*	*	*	-	R1-HIGH	-
1 stone potatoes	needs_review	*	*	*	*	*	-	R1-HIGH	-
1 crate oranges	needs_review	*	*	*	*	*	-	R1-HIGH	-
1 carafe white wine	needs_review	*	*	*	*	*	-	R1-HIGH	-
1 bucket ice	needs_review	*	*	*	*	*	-	R1-HIGH	-
1 saucer milk	needs_review	*	*	*	*	*	-	R1-HIGH	-
2 tsp fresh rosemary or dried	needs_review	-	2	tsp	-	fresh rosemary;dried rosemary	-	R1-HIGH	-
1/4 cup fresh basil or dried	needs_review	-	1/4	cup	-	fresh basil;dried basil	-	R1-HIGH	-
1 tbsp fresh sage or dried	needs_review	-	1	tbsp	-	fresh sage;dried sage	-	R1-HIGH	-
2 cups fresh cherries or frozen	needs_review	-	2	cup	-	fresh cherries;frozen cherries	-	R1-HIGH	-
1 lb fresh green beans or frozen	needs_review	-	1	lb	-	fresh green beans;frozen green beans	-	R1-HIGH	-
1 tbsp dried dill or fresh	needs_review	-	1	tbsp	-	dried dill;fresh dill	-	R1-HIGH	-
1/2 cup raisins and cranberries	needs_review	*	*	*	*	*	-	R1-HIGH	-
1 cup diced onion and celery	needs_review	*	*	*	*	*	-	R1-HIGH	-
2 tbsp butter and oil	needs_review	*	*	*	*	*	-	R1-HIGH	-
1 cup chopped carrots and parsnips	needs_review	*	*	*	*	*	-	R1-HIGH	-
4 cups broccoli and cauliflower florets	needs_review	*	*	*	*	*	-	R1-HIGH	-
1 lb shrimp and scallops	needs_review	*	*	*	*	*	-	R1-HIGH	-
2 cups spinach and kale	needs_review	*	*	*	*	*	-	R1-HIGH	-
1/4 cup sesame and flax seeds	needs_review	*	*	*	*	*	-	R1-HIGH	-
1 cup sliced peppers and onions	needs_review	*	*	*	*	*	-	R1-HIGH	-
2 tbsp lime juice (juice of 1 lime)	needs_review	lime juice	2	tbsp	-	-	-	R1-HIGH	-
3 tbsp orange juice (1 orange)	needs_review	orange juice	3	tbsp	-	-	-	R1-HIGH	-
1 cup chopped onion (1 medium onion)	ready	chopped onion|onion	1	cup	-	-	-	R1-HIGH+A3	-
2 cups diced tomatoes (about 3 tomatoes)	ready	diced tomatoes|tomatoes	2	cup	-	-	-	R1-HIGH+A3	-
1 cup mashed banana (2 ripe bananas)	ready	mashed banana|banana	1	cup	-	-	-	R1-HIGH+A3	-
1 cup shredded zucchini (about 1 medium)	ready	shredded zucchini|zucchini	1	cup	-	-	-	R1-HIGH+A3	-
Carb 30g	unsupported	-	-	-	-	-	-	R1-HIGH	-
Prot 20 g	unsupported	-	-	-	-	-	-	R1-HIGH	-
Sat Fat 2g	unsupported	-	-	-	-	-	-	R1-HIGH	-
Sugar alcohols 4 g	unsupported	-	-	-	-	-	-	R1-HIGH	-
1 cup almond or cashew butter	needs_review	-	1	cup	-	almond butter;cashew butter	-	R1-MEDIUM	B
1 lb pork or chicken sausage	needs_review	-	1	lb	-	pork sausage;chicken sausage	-	R1-MEDIUM	B
1 lb chicken or turkey sausage	needs_review	-	1	lb	-	chicken sausage;turkey sausage	-	R1-MEDIUM	B
1 pint cherry or grape tomatoes	needs_review	-	1	pint	-	cherry tomatoes;grape tomatoes	-	R1-MEDIUM	B
1 cup peanut or almond butter	needs_review	-	1	cup	-	peanut butter;almond butter	-	R1-MEDIUM	B
1 tsp onion or garlic salt	needs_review	-	1	tsp	-	onion salt;garlic salt	-	R1-MEDIUM	B
1 lb beef or pork tenderloin	needs_review	-	1	lb	-	beef tenderloin;pork tenderloin	-	R1-MEDIUM	B
1 cup coconut or brown sugar	needs_review	-	1	cup	-	coconut sugar;brown sugar	-	R1-MEDIUM	B
1 cup macadamia or cashew nuts	needs_review	-	1	cup	-	macadamia nuts;cashew nuts	-	R1-MEDIUM	B
4 slider or dinner rolls	needs_review	-	4	each	-	slider rolls;dinner rolls	-	R1-MEDIUM	B
1 tbsp yellow or Dijon mustard	needs_review	-	1	tbsp	-	yellow mustard;Dijon mustard	-	R1-MEDIUM	B
2 cups apple or pear cider	needs_review	-	2	cup	-	apple cider;pear cider	-	R1-MEDIUM	B
1 cup white or whole wheat flour	needs_review	-	1	cup	-	white flour;whole wheat flour	-	R1-MEDIUM	B
1 cup red, yellow, or orange bell pepper, diced	needs_review	-	1	cup	-	red bell pepper;yellow bell pepper;orange bell pepper	-	R1-MEDIUM	B
1 cup flour (all-purpose or whole wheat)	needs_review	-	1	cup	-	all-purpose flour;whole wheat flour	-	R1-MEDIUM	B
2 apples, Granny Smith or Honeycrisp	needs_review	-	2	each	-	Granny Smith apples;Honeycrisp apples||Granny Smith;Honeycrisp	-	R1-MEDIUM	B
1 lb Yukon Gold potatoes or red	needs_review	-	1	lb	-	Yukon Gold potatoes;red potatoes	-	R1-MEDIUM	B
1 #10 can diced tomatoes	ready	diced tomatoes	1	can	-	-	-	R1-MEDIUM	A
2 No. 303 cans cut green beans	ready	cut green beans|green beans	2	can	-	-	-	R1-MEDIUM	A
2 cups minus 1/4 cup sugar	ready	sugar	7/4	cup	-	-	-	R1-MEDIUM	A
2 three cheese pizzas	ready	three cheese pizzas	2	each	-	-	-	R1-MEDIUM	A
1 tbsp Heinz 57 sauce	ready	Heinz 57 sauce	1	tbsp	-	-	-	R1-MEDIUM	A
a half-inch piece fresh ginger	ready	fresh ginger|ginger	1	piece	-	-	-	R1-MEDIUM	A
