# R1 round-2 counterexamples (generated by make_r1r2_findings.py); columns as coordinator-labels.tsv.
1 splatter guard	unsupported	-	-	-	-	-	-	R1R2-HIGH	D
1 dough hook	unsupported	-	-	-	-	-	-	R1R2-HIGH	D
1 popover tin	unsupported	-	-	-	-	-	-	R1R2-HIGH	D
1 pizza wheel	unsupported	-	-	-	-	-	-	R1R2-HIGH	D
1 cooling grid	unsupported	-	-	-	-	-	-	R1R2-HIGH	D
1 double boiler	unsupported	-	-	-	-	-	-	R1R2-HIGH	D
1 bain-marie	unsupported	-	-	-	-	-	-	R1R2-HIGH	D
1 comal	unsupported	-	-	-	-	-	-	R1R2-HIGH	D
1 molcajete	unsupported	-	-	-	-	-	-	R1R2-HIGH	D
1 chinois	unsupported	-	-	-	-	-	-	R1R2-HIGH	D
1 proofing basket	unsupported	-	-	-	-	-	-	R1R2-HIGH	D
1 banneton	unsupported	-	-	-	-	-	-	R1R2-HIGH	D
1 cake dome	unsupported	-	-	-	-	-	-	R1R2-HIGH	D
1 bag pie weights	unsupported	-	-	-	-	-	-	R1R2-HIGH	D
1 box cling film	unsupported	-	-	-	-	-	-	R1R2-HIGH	D
1 decorating comb	unsupported	-	-	-	-	-	-	R1R2-HIGH	D
1 cake leveler	unsupported	-	-	-	-	-	-	R1R2-HIGH	D
1 turntable	unsupported	-	-	-	-	-	-	R1R2-HIGH	D
6 cocktail umbrellas	unsupported	-	-	-	-	-	-	R1R2-HIGH	D
12 paper straws	unsupported	-	-	-	-	-	-	R1R2-HIGH	D
1 nut milk bag	unsupported	-	-	-	-	-	-	R1R2-HIGH	D
1 muslin cloth	unsupported	-	-	-	-	-	-	R1R2-HIGH	D
1 apron	unsupported	-	-	-	-	-	-	R1R2-HIGH	D
1 popcorn popper	unsupported	-	-	-	-	-	-	R1R2-HIGH	D
1 corkscrew	unsupported	-	-	-	-	-	-	R1R2-HIGH	D
1 dough docker	unsupported	-	-	-	-	-	-	R1R2-HIGH	D
1 fondue set	unsupported	-	-	-	-	-	-	R1R2-HIGH	D
1 pastry wheel	unsupported	-	-	-	-	-	-	R1R2-HIGH	D
1 3-quart saucier	unsupported	-	-	-	-	-	-	R1R2-HIGH	D
1 oil mister	unsupported	-	-	-	-	-	-	R1R2-HIGH	D
1 bread lame	unsupported	-	-	-	-	-	-	R1R2-HIGH	D
1 swirl heavy cream	needs_review	*	*	*	*	*	-	R1R2-HIGH	A
2 squirts lemon juice	needs_review	*	*	*	*	*	-	R1R2-HIGH	A
1 tot dark rum	needs_review	*	*	*	*	*	-	R1R2-HIGH	A
1 bundle asparagus	needs_review	*	*	*	*	*	-	R1R2-HIGH	A
1 hand bananas	needs_review	*	*	*	*	*	-	R1R2-HIGH	A
1 twig rosemary	needs_review	*	*	*	*	*	-	R1R2-HIGH	A
1 nip whisky	needs_review	*	*	*	*	*	-	R1R2-HIGH	A
1 snifter cognac	needs_review	*	*	*	*	*	-	R1R2-HIGH	A
1 flask brandy	needs_review	*	*	*	*	*	-	R1R2-HIGH	A
1 eggcup rice	needs_review	*	*	*	*	*	-	R1R2-HIGH	A
1 cake fresh yeast	needs_review	*	*	*	*	*	-	R1R2-HIGH	A
1 shake paprika	needs_review	*	*	*	*	*	-	R1R2-HIGH	A
1 smear Marmite	needs_review	*	*	*	*	*	-	R1R2-HIGH	A
1 knuckle ginger	needs_review	*	*	*	*	*	-	R1R2-HIGH	A
2 clusters grapes	needs_review	*	*	*	*	*	-	R1R2-HIGH	A
1 tub-load ice	needs_review	*	*	*	*	*	-	R1R2-HIGH	A
1 can tomatoes (14.5 oz, undrained)	ready	tomatoes	1	can	14.5 oz	-	-	R1R2-HIGH	A
6 drop biscuits	ready	drop biscuits	6	each	-	-	-	R1R2-HIGH	C
12 drop cookies	ready	drop cookies	12	each	-	-	-	R1R2-HIGH	C
4 sprinkle donuts	ready	sprinkle donuts	4	each	-	-	-	R1R2-HIGH	C
Vit. C 12 mg	unsupported	-	-	-	-	-	-	R1R2-HIGH	D
6 finger sandwiches	ready	finger sandwiches	6	each	-	-	-	R1R2-REPORTED	A
3 stone crab claws	ready	stone crab claws	3	each	-	-	-	R1R2-REPORTED	A
2 slab pies	ready	slab pies	2	each	-	-	-	R1R2-REPORTED	C
1 chicken pot pie	ready	chicken pot pie	1	each	-	-	-	R1R2-REPORTED	D
2 rolls, split	ready	rolls	2	each	-	-	-	R1R2-REPORTED	A
1 leg of lamb (about 5 lb)	ready	leg of lamb	1	each	-	-	-	R1R2-REPORTED	A
1 rack of lamb, frenched	ready	rack of lamb	1	each	-	-	-	R1R2-REPORTED	A
2 racks of lamb	ready	racks of lamb	2	each	-	-	-	R1R2-REPORTED	A
4 bread bowls	ready	bread bowls	4	each	-	-	-	R1R2-REPORTED	D
4 tortilla bowls	ready	tortilla bowls	4	each	-	-	-	R1R2-REPORTED	D
12 wonton cups	ready	wonton cups	12	each	-	-	-	R1R2-REPORTED	D
6 lettuce cups	ready	lettuce cups	6	each	-	-	-	R1R2-REPORTED	D
8 phyllo cups	ready	phyllo cups	8	each	-	-	-	R1R2-REPORTED	D
2 tbsp lemon and lime juice	ready	lemon and lime juice	2	tbsp	-	-	-	R1R2-REPORTED	B
1 jar black bean and corn salsa	ready	black bean and corn salsa	1	jar	-	-	-	R1R2-REPORTED	B
1 pack bacon and cheese pierogies	ready	bacon and cheese pierogies	1	package	-	-	-	R1R2-REPORTED	B
1 bag apple and cinnamon oatmeal	ready	apple and cinnamon oatmeal	1	bag	-	-	-	R1R2-REPORTED	B
1 jar garlic and herb cream cheese	ready	garlic and herb cream cheese	1	jar	-	-	-	R1R2-REPORTED	B
1 lb large shrimp (21-25 count)	ready	shrimp	1	lb	-	-	-	R1R2-REPORTED	A
2 cups vanilla or plain yogurt	needs_review	-	2	cup	-	vanilla yogurt;plain yogurt	-	R1R2-REPORTED	-
1 tbsp date or maple syrup	needs_review	-	1	tbsp	-	date syrup;maple syrup	-	R1R2-REPORTED	B
1 cup chocolate or butterscotch chips	needs_review	-	1	cup	-	chocolate chips;butterscotch chips	-	R1R2-REPORTED	B
1 tbsp clover or wildflower honey	needs_review	-	1	tbsp	-	clover honey;wildflower honey	-	R1R2-REPORTED	B
2 chamomile or mint tea bags	needs_review	-	2	each	-	chamomile tea bags;mint tea bags	-	R1R2-REPORTED	B
1 lb Black Forest or honey ham	needs_review	-	1	lb	-	Black Forest ham;honey ham	-	R1R2-REPORTED	B
8 slices turkey or pork bacon	needs_review	-	8	slice	-	turkey bacon;pork bacon	-	R1R2-REPORTED	B
1/2 cup rice or plum wine	needs_review	-	1/2	cup	-	rice wine;plum wine	-	R1R2-REPORTED	B
1 cup goat or sheep milk yogurt	needs_review	-	1	cup	-	goat milk yogurt;sheep milk yogurt	-	R1R2-REPORTED	B
2 cups pear or apple sauce	needs_review	-	2	cup	-	pear sauce;apple sauce	-	R1R2-REPORTED	B
2 tbsp mango or peach chutney	needs_review	-	2	tbsp	-	mango chutney;peach chutney	-	R1R2-REPORTED	B
1 lb spinach or egg fettuccine	needs_review	-	1	lb	-	spinach fettuccine;egg fettuccine	-	R1R2-REPORTED	B
2 cups vanilla or chocolate pudding	needs_review	-	2	cup	-	vanilla pudding;chocolate pudding	-	R1R2-REPORTED	B
1 tsp lavender or rose water	needs_review	-	1	tsp	-	lavender water;rose water	-	R1R2-REPORTED	B
1 lb Mexican or Spanish chorizo	needs_review	-	1	lb	-	Mexican chorizo;Spanish chorizo	-	R1R2-REPORTED	B
1 #2½ can pumpkin purée	ready	pumpkin purée	1	can	-	-	-	R1R2-REPORTED	A
2 No. 2 1/2 cans apricots	ready	apricots	2	can	-	-	-	R1R2-REPORTED	A
1 large (#2) can crushed pineapple	ready	crushed pineapple	1	can	-	-	-	R1R2-REPORTED	A
Scant cup sugar	needs_review	sugar	-	cup	-	-	-	R1R2-REPORTED	A
