retrieved_utc	sha256	http	url	file
2026-10-08T12:26:27Z	c3b36944694ac01c29ee06f5f73fb07b944a8b1643ade8093af520971b403b7c	200	https://developer.kroger.com/api/v1/developer/content/manifests.json	manifests.json
2026-10-08T12:26:27Z	2ae4c148980dcd5726a960ab3b2cba222654e94f3984f1e7f49dd4c66cbbda3d	200	https://developer.kroger.com/api/v1/developer/content/781ddf4b-3567-4fed-b427-e83e14ec3968.json	781ddf4b-3567-4fed-b427-e83e14ec3968.json
2026-10-08T12:26:29Z	d230deeca95a86fa8680bf41967ec65c75edd5b97c5b815473f7b559ac826eb1	200	https://developer.kroger.com/api/v1/developer/content/27a55a95-53fb-4d73-ba0b-38fd82894fbc.json	27a55a95-53fb-4d73-ba0b-38fd82894fbc.json
2026-10-08T12:26:30Z	c8e929fe0f2831ee748180ffc8391c1b833db89128aee2b13cb67f084133b85f	200	https://developer.kroger.com/api/v1/developer/content/b1fb7782-6ada-47c0-98b1-ce429cd1f355.json	b1fb7782-6ada-47c0-98b1-ce429cd1f355.json
2026-10-08T12:26:32Z	011ccf7443228895bc813e96cf95e1484fec970dcb0d93c4c4a5f0685e582de8	200	https://developer.kroger.com/api/v1/developer/content/84c461f3-c796-4740-a48f-d538dca9583d.json	84c461f3-c796-4740-a48f-d538dca9583d.json
2026-10-08T12:26:33Z	8b8f7e5f54a599e15ecc8b4a262d795f7a4a68634a574c7a2de539f7aa7ab155	200	https://developer.kroger.com/api/v1/developer/content/b471752e-1008-4a8a-8227-d38156a6ccba.json	b471752e-1008-4a8a-8227-d38156a6ccba.json
2026-10-08T12:26:35Z	01d28b545a13b1493c62d5f5e6a75d3063af8587d9eb12a1f4299cce9f9b193e	200	https://developer.kroger.com/api/v1/developer/content/84aa79d1-5244-4622-82f6-b9c6a449354f.json	84aa79d1-5244-4622-82f6-b9c6a449354f.json
2026-10-08T12:26:36Z	426ac81d07ceb8763e87144d86a266d0c24c9370ac2efc26582027cbb6054443	200	https://developer.kroger.com/api/v1/developer/content/1ee205c8-11c3-4d0e-a662-95b56ffc4060.json	1ee205c8-11c3-4d0e-a662-95b56ffc4060.json
2026-10-08T12:26:38Z	6a9deca95c4105444f253367876da67a0c1ce23eca794573c06f84b3b4686f2d	200	https://developer.kroger.com/api/v1/developer/content/99eafa2c-a1c7-4035-aa55-0780b80418a1.json	99eafa2c-a1c7-4035-aa55-0780b80418a1.json
2026-10-08T12:26:39Z	6e25a6485232631d0859791861ddbd9efec02ba4effb4800913cde96e82c1c19	200	https://developer.kroger.com/api/v1/developer/content/f48d66d3-923a-4d10-9c9c-b5369de17163.json	f48d66d3-923a-4d10-9c9c-b5369de17163.json
2026-10-08T12:26:40Z	95d1802f75e46c3a8a8344edc4a6f9c94161903ec2c444af85dc15a36664b26d	200	https://developer.kroger.com/api/v1/developer/content/6ea23d07-1b7a-4bcb-93f2-d8b3a4c62592.json	6ea23d07-1b7a-4bcb-93f2-d8b3a4c62592.json
2026-10-08T12:26:42Z	ec8e9d04ed144f0ea5ff69fb1d9f1af6d85ea279ce116c9229cbf99c57a2c7d8	200	https://developer.kroger.com/api/v1/developer/content/c80990a0-c14e-4d94-9121-3cdbc71a1512.json	c80990a0-c14e-4d94-9121-3cdbc71a1512.json
2026-10-08T12:26:43Z	f2268407c86e054a826d82d1486df48a5fd7590bf18f43fa174daf2e42e16c3b	200	https://developer.kroger.com/api/v1/developer/content/11c54b54-8aa9-4481-974b-1929de0712b8.json	11c54b54-8aa9-4481-974b-1929de0712b8.json
2026-10-08T12:26:45Z	053c416f40d0aae0570274b39e7ef9abecf8d4d6e10f04e739e4d50602c8671a	200	https://developer.kroger.com/api/v1/developer/content/36d4913e-07ab-4372-8cee-b77e034a25e3.json	36d4913e-07ab-4372-8cee-b77e034a25e3.json
2026-10-08T12:26:46Z	c19bb2d8b58a7d5e58252e638cf5a520df546679720cc1c882c0cf1fc66d5aa3	200	https://developer.kroger.com/api/v1/developer/content/f237b17f-8441-47be-95f6-5bdc9d3fdeb7.json	f237b17f-8441-47be-95f6-5bdc9d3fdeb7.json
2026-10-08T12:26:48Z	f86f1f646d30f51bf1976ff8300e54cccf2d480d871b0401d4c96b90dc44b0f8	200	https://developer.kroger.com/api/v1/developer/content/66f0fa52-6a5e-4fc2-b6ed-505d6d085c69.json	66f0fa52-6a5e-4fc2-b6ed-505d6d085c69.json
2026-10-08T12:26:49Z	ebf8190cd3a3cf8e49922ed128177a708511cbf2822d7a04c2878970ffc147a9	200	https://developer.kroger.com/api/v1/developer/content/52bc8fac-5596-4011-a8ed-5ab28d171342.json	52bc8fac-5596-4011-a8ed-5ab28d171342.json
2026-10-08T12:26:50Z	a2a01f7a8d9429153df5f22833394aa2e21b5f74c39c26d8e7ca2544c7fd1a8f	200	https://developer.kroger.com/api/v1/developer/content/9350180f-41da-4b5b-85e8-b15cdfbffe75.json	9350180f-41da-4b5b-85e8-b15cdfbffe75.json
2026-10-08T12:26:52Z	3abda8a364dfacd1170d5d7915d1779dcb5abd885fadf055d8c4a0d6ae86f9c7	200	https://developer.kroger.com/api/v1/developer/content/0a6b02a3-236f-43a0-ad42-a4fcaa9a17fd.json	0a6b02a3-236f-43a0-ad42-a4fcaa9a17fd.json
2026-10-08T12:26:54Z	0a403249a7135a99ae4357946982dbbd88accf7a9a21b1f4be56b00864773ec8	200	https://developer.kroger.com/api/v1/developer/content/df3b7d9a-0ed7-4b34-9973-df5cbe50ce2c.json	df3b7d9a-0ed7-4b34-9973-df5cbe50ce2c.json
2026-10-08T12:26:55Z	ddc45938e7dbd069ac6bf360a59e4b88689977d36720ed7006ca7aac0cefd81d	200	https://developer.kroger.com/api/v1/developer/content/3276c3fc-8c08-4933-884c-3cc987052fb8.json	3276c3fc-8c08-4933-884c-3cc987052fb8.json
2026-10-08T12:26:56Z	301918de58944dc0570beedc2efd35699d3afb2c6862cff0b81eddd00be3284f	200	https://developer.kroger.com/api/v1/developer/content/082116b5-57f9-4522-830c-82e081827cf6.json	082116b5-57f9-4522-830c-82e081827cf6.json
2026-10-08T12:28:49Z	0f3583dc3da6160292124de3458492c0dd97e658c86ddeec8dddb747964aa2cd	200	https://www.postman.com/collections/4833726-924df556-59ab-452d-92a3-ffa8e3dca405	postman-collection.json
