ing-h2-0306	tests/unit/recipe-import-ingredient-line.test.ts	25	"3/4 tsp vanilla"
ing-h2-0307	tests/unit/recipe-import-ingredient-line.test.ts	32	"1/6 tsp nutmeg"
ing-h2-0308	tests/unit/recipe-import-ingredient-line.test.ts	36	"1 ½ cups frozen peas"
ing-h2-0309	tests/unit/recipe-import-ingredient-line.test.ts	38	"1-1/2 cups rice"
ing-h2-0310	tests/unit/recipe-import-ingredient-line.test.ts	50	"1 t cumin"
ing-h2-0311	tests/unit/recipe-import-ingredient-line.test.ts	64	"1 pint cherry tomatoes, halved"
ing-h2-0312	tests/unit/recipe-import-ingredient-line.test.ts	66	"⅓ quart broth"
ing-h2-0313	tests/unit/recipe-import-ingredient-line.test.ts	67	"1 gallon milk"
ing-h2-0314	tests/unit/recipe-import-ingredient-line.test.ts	73	"1 red bell pepper, sliced"
ing-h2-0315	tests/unit/recipe-import-ingredient-line.test.ts	82	"1 (8 oz) container fresh mozzarella pearls, drained"
ing-h2-0316	tests/unit/recipe-import-ingredient-line.test.ts	86	"½ (15 oz) can pumpkin"
ing-h2-0317	tests/unit/recipe-import-ingredient-line.test.ts	88	"¼ cup grated parmesan (about 1 oz)"
ing-h2-0318	tests/unit/recipe-import-ingredient-line.test.ts	111	"fresh basil, for serving"
ing-h2-0319	tests/unit/recipe-import-ingredient-line.test.ts	113	"a pinch of nutmeg"
ing-h2-0320	tests/unit/recipe-import-ingredient-line.test.ts	114	"1 pinch red pepper flakes"
ing-h2-0321	tests/unit/recipe-import-ingredient-line.test.ts	145	"2 cups chicken or vegetable broth"
ing-h2-0322	tests/unit/recipe-import-ingredient-line.test.ts	158	"½ tsp freshly ground black pepper"
ing-h2-0323	tests/unit/recipe-import-ingredient-line.test.ts	159	"sea salt"
ing-h2-0324	tests/unit/recipe-import-ingredient-line.test.ts	159	"1/4 tsp fine sea salt"
ing-h2-0325	tests/unit/recipe-import-ingredient-line.test.ts	159	"ground black pepper"
ing-h2-0326	tests/unit/recipe-import-ingredient-line.test.ts	159	"pepper to taste"
ing-h2-0327	tests/unit/recipe-import-ingredient-line.test.ts	159	"salt & pepper"
ing-h2-0328	tests/unit/recipe-import-ingredient-line.test.ts	160	"freshly cracked black pepper"
ing-h2-0329	tests/unit/recipe-import-ingredient-line.test.ts	168	"2 jalapeño peppers"
ing-h2-0330	tests/unit/recipe-import-ingredient-line.test.ts	168	"1 tsp red pepper flakes"
ing-h2-0331	tests/unit/recipe-import-ingredient-line.test.ts	168	"1 chili pepper"
ing-h2-0332	tests/unit/recipe-import-ingredient-line.test.ts	168	"1/2 tsp cayenne pepper"
ing-h2-0333	tests/unit/recipe-import-ingredient-line.test.ts	169	"1 tsp garlic salt"
ing-h2-0334	tests/unit/recipe-import-ingredient-line.test.ts	169	"1 tsp celery salt"
ing-h2-0335	tests/unit/recipe-import-ingredient-line.test.ts	169	"4 oz pepper jack cheese"
ing-h2-0336	tests/unit/recipe-import-ingredient-line.test.ts	169	"1 cup peppers"
ing-h2-0337	tests/unit/recipe-import-ingredient-sweep.test.ts	36	"1/2 tsp cumin ( $0.02 )"
ing-h2-0338	tests/unit/recipe-import-ingredient-sweep.test.ts	59	"1 cup rice (1 cup dry makes 3 cooked)"
ing-h2-0339	tests/unit/recipe-import-ingredient-sweep.test.ts	61	"1 cup cheddar (sharp (aged)), shredded"
ing-h2-0340	tests/unit/recipe-import-ingredient-sweep.test.ts	67	"fresh parsley, to taste"
ing-h2-0341	tests/unit/recipe-import-ingredient-sweep.test.ts	68	"2-3 (15 oz) cans black beans, drained"
ing-h2-0342	tests/integration/import-overhaul.test.ts	43	"12 oz penne pasta"
ing-h2-0343	tests/unit/seasonings.test.ts	14	"flaky sea salt"
ing-h2-0344	tests/unit/seasonings.test.ts	14	"table salt"
ing-h2-0345	tests/unit/seasonings.test.ts	14	"coarse salt"
ing-h2-0346	tests/unit/seasonings.test.ts	15	"cracked black pepper"
ing-h2-0347	tests/unit/seasonings.test.ts	15	"Salt and black pepper"
ing-h2-0348	tests/unit/seasonings.test.ts	15	"kosher salt and freshly ground pepper"
ing-h2-0349	tests/unit/seasonings.test.ts	16	"salt (to taste)"
ing-h2-0350	tests/unit/seasonings.test.ts	20	"jalapeño pepper"
ing-h2-0351	tests/unit/seasonings.test.ts	21	"white pepper"
ing-h2-0352	tests/unit/seasonings.test.ts	21	"pepper jack cheese"
ing-h2-0353	tests/unit/seasonings.test.ts	21	"seasoned salt"
ing-h2-0354	tests/unit/seasonings.test.ts	22	"salt pork"
ing-h2-0355	tests/unit/seasonings.test.ts	22	"lemon pepper"
ing-h2-0356	tests/unit/seasonings.test.ts	22	"pepperoni"
ing-h2-0357	tests/unit/seasonings.test.ts	22	"sweet peppers"
ing-h2-0358	tests/unit/seasonings.test.ts	22	"Szechuan pepper"
ing-h2-0359	tests/unit/seasonings.test.ts	22	"smoked salt"
